name,release_date
Aseprite,2016-02-22
Wallpaper Engine,2018-11-01
Stardew Valley,2016-02-26
Hades,2020-09-17
Vampire Survivors,2022-10-20
RimWorld,2018-10-17
DAVE THE DIVER,2023-06-28
PowerWash Simulator,2022-07-14
SANABI,2023-11-08
Touhou Luna Nights,2019-02-25
Crime Scene Cleaner,2024-08-14
Phasmophobia,2020-09-18
Satisfactory,2024-09-10
Cuphead,2017-09-29
Ori and the Will of the Wisps,2020-03-10
To the Moon,2012-09-07
Dorfromantik,2022-04-28
Universe Sandbox,2015-08-24
Desperados III,2020-06-16
Rusty's Retirement,2024-04-26
Tiny Glade,2024-09-23
The Forest,2018-04-30
Don't Starve Together,2016-04-21
Kenshi,2018-12-06
Noita,2020-10-15
Spiritfarer®: Farewell Edition,2020-08-18
DREDGE,2023-03-30
Car Mechanic Simulator 2021,2021-08-11
Nine Sols,2024-05-28
Project Zomboid,2013-11-08
Human Fall Flat,2016-07-22
It Takes Two Friend's Pass,2024-05-29
A Dance of Fire and Ice,2019-01-24
Hades II,2024-05-06
ENDER LILIES: Quietus of the Knights,2021-06-21
Bloodstained: Ritual of the Night,2019-06-18
Escape Simulator,2021-10-19
POOLS,2024-04-26
Palworld,2024-01-18
Raft,2022-06-20
Risk of Rain 2,2020-08-11
Gunfire Reborn,2021-11-17
Supermarket Simulator,2024-02-20
Skul: The Hero Slayer,2021-01-20
Super Animal Royale,2021-08-26
Lobotomy Corporation | Monster Management Simulation,2018-04-09
Library Of Ruina,2021-08-10
Two Point Hospital,2018-08-29
Turmoil,2016-06-02
A Little to the Left,2022-11-08
Let's School,2023-07-26
Escape the Backrooms,2022-08-11
DEVOUR,2021-01-28
Overcooked! 2,2018-08-07
Wartales,2023-04-12
Muse Dash,2019-06-19
Pummel Party,2018-09-20
Two Point Campus,2022-08-09
Rust,2018-02-08
Goose Goose Duck,2021-10-03
For The King,2018-04-19
Hydroneer,2020-05-08
Enshrouded,2024-01-24
We Were Here Together,2019-10-10
Ale & Tale Tavern,2024-09-05
ARK: Survival Evolved,2017-08-27
Sky: Children of the Light,2024-04-10
The Plucky Squire,2024-09-17
Kingdom Come: Deliverance,2018-02-13
White Day: A Labyrinth Named School,2017-08-22
Ravenswatch,2023-04-06
House Flipper 2,2023-12-14
Eternal Return,2023-07-19
PANICORE,2024-05-31
Last Epoch,2024-02-21
Party Animals,2023-09-20
Overcooked! All You Can Eat,2021-03-23
For Inco,2019-10-23
ALTF4,2021-04-23
"린, 퍼즐에 그려진 소녀 이야기",2021-04-02
타니나니 (TaniNani),2021-08-03
StarFall,2020-12-11
얼티메이트 좀비 디펜스 (Ultimate Zombie Defense),2021-07-30
헥셀렉트릭,2020-06-04
러브인 로그인 (시크릿 플러스),2022-12-22
[로열 에디션] 킹덤 컴: 딜리버런스,2021-12-21
여명,2020-12-11
러브 딜리버리,2022-03-08
CARTA,2020-12-11
프로스토리 데모,2021-07-30
Sliming,2020-10-15
귀곡팔황 (Tale of Immortal),2022-09-29
1812: 나폴레옹 전쟁 (1812: Napoleon Wars),2021-07-27
화산의 딸 (Volcano Princess),2023-12-12
갓 오브 웨폰(God Of Weapons),2023-09-12
환생뎐,2021-03-21
분더링 (Wunderling),2021-07-20
썸썸 편의점,2021-07-14
랜덤채팅의 그녀,2023-03-28
백야기담 시크릿 플러스,2023-09-27
시스터즈 커리큘럼,2024-04-19
나는 자살을 결심했다,2021-09-13
사망여각 (8Doors: Arum's Afterlife Adventure),2023-02-28
마작일번가 (Riichi City),2024-05-31
브란테 경의 삶과 고난 (The Life and Suffering of Sir Brante),2022-05-10
킹덤 컴: 딜리버런스 (Kingdom Come: Deliverance),2021-12-21
리프 인 부트스트랩,2023-06-22
아시_Demo,2021-07-30
스테퍼 케이스: 초능력 추리 어드벤처,2023-03-10
황혼의 유령 (Phantom of the Twilight),2023-07-04
트러블슈터: 버려진 아이들,2021-04-07
러브인 로그인,2022-12-22
노마드 서바이벌 (Nomad Survival),2022-09-27
더스트 투 디 엔드 (Dust to the End),2022-04-14
배틀전설! 그랑가디오,2021-11-30
크로니콘 (Chronicon) 컴플리트 에디션,2023-03-10
ATOM RPG 서포터 에디션,2022-05-17
레전드 오브 키퍼: 프롤로그,2020-09-25
블랙 아카데미 (시크릿 플러스),2022-07-19
노베나 디아볼로스,2020-10-27
봄을 부르는 설녀 (시크릿 플러스),2024-03-22
유어 블라이트,2022-12-01
청춘프레임 (Vibrant Frame),2023-10-26
네개의 빛 : 제 1세계 [Iruka Route] 시크릿 플러스,2023-06-15
디스트로폴리스 (Destropolis),2021-06-16
블레이드 어썰트 (Blade Assault),2023-02-28
당신과 그녀와 그녀의 사랑 (YOU and ME and HER: A Love Story),2023-06-08
여기사 아가씨 - 미연시 & 비주얼 노벨,2023-11-23
돗가비,2021-11-30
뱀파이어 서바이버즈 (Vampire Survivors),2022-10-21
호텔 소울즈,2020-07-09
백영웅전 라이징 (Eiyuden Chronicle: Rising),2022-05-11
던전코딩,2021-01-21
액션 대마인 (Action Taimanin),2023-10-30
비포 더 나이트,2022-05-04
Strange ONE,2021-11-30
기적의 분식집,2022-12-15
이프선셋 (IfSunSets),2024-02-02
그래비티 서킷 (Gravity Circuit),2023-07-14
나는 문어,2024-03-12
회소의존 (The Chrono Jotter),2022-05-17
'하나'님의 캠퍼스 라이프! 시크릿 플러스,2022-11-04
페포 DEMO,2020-08-12
미래세계의 맹인,2021-07-14
햄스터담 (Hamsterdam),2020-12-10
보스헌터 포르코,2021-11-30
좀비 슈팅스타: 아케이드,2023-01-17
Metal Unit,2023-02-28
로코 아일랜드 (Rocco's Island),2023-09-26
Cat Pickax,2021-11-30
던전 오브 나흘벅: 더 아뮬렛 오브 카오스,2022-10-04
통신방 - 신선의 길 (Noobs Want to Live),2023-10-24
그녀의 세계,2022-12-15
연쇄청소부들 (Serial Cleaners),2022-09-23
그랑 엠파이어 : 아마네,2022-12-06
샴블즈 (Shambles),2023-11-30
억새밭 사잇길로,2023-08-31
ATOM RPG,2022-05-17
DLC_러브인 로그인 (시크릿 플러스) 애프터스토리 미니 웹툰,2023-02-08
이모탈 라이프 - 신령의 밭 (Immortal Life),2022-10-18
아톰 RPG 트루도그라드 (ATOM RPG Trudograd),2023-07-05
지금 우리 학교는_All of us are dead,2023-05-30
겟앰프드,2023-03-29
크로노 아크,2020-03-06
서큐하트 DEMO,2023-09-28
행불행 : 행복의 시작은 지금부터 리메이크,2023-08-25
로스팅 리포트 : 대학 교수 살인사건,2022-12-06
메탈릭 차일드,2021-09-15
스팀펑크 서바이벌,2023-10-24
별에게 소원을,2022-07-05
턴택,2019-10-16
Quantum_Beat,2021-03-21
장막소녀,2021-08-05
안개 탐정: 네온 바다의 이야기 (Tales of the Neon Sea),2023-06-27
백룸컴퍼니 (Backroom Company),2024-08-27
청구야담 : 팔도견문록 PC완전판,2024-02-29
블루 웬즈데이,2023-07-12
샷건 킹: 파이널 체크메이트 (Shotgun King The Final Checkmate),2022-10-11
루시의 일기,2021-03-12
Sentimental K,2021-07-01
샴블즈(Shambles) Demo,2023-04-28
포탈 이스케이프,2023-04-27
52헤르츠,2023-12-11
어드벤처 오브 플라워,2023-02-01
히어로즈 아워 (Hero's Hour),2022-03-02
언다잉 (UNDYING),2023-12-07
회고록,2023-03-14
일립스 (Elypse),2023-05-18
STOVE 실험실,2022-12-08
올드 월드 (Old World),2024-05-29
문경새재,2022-10-13
백의 소각자_DEMO,2024-03-26
라그나로크 온라인,2024-07-31
'하나'님의 캠퍼스 라이프!,2022-11-04
Unsouled,2023-02-28
딜리셔스 프리티 걸스 사천성 (Delicious! Pretty Girls Mahjong Solitaire),2022-06-28
썸썸 편의점 / 아델라 애프터 스토리,2021-07-14
페이블덤 (Fabledom),2024-05-14
나이트 오버로디드 (Knight Overloaded),2023-11-07
애니멀워터팡,2023-12-19
피그말리온 (Pygmalion),2023-11-24
Scroll Survival,2023-11-14
포스탈 4 : 후회는 ㅇ벗다 (POSTAL 4: No Regerts),2023-10-26
썸썸 편의점 / 편수희 애프터 스토리,2021-07-14
스피릿 오브 아일랜드 (Spirit of the Island),2023-07-18
썸썸 편의점 / 방예나 애프터 스토리,2021-07-14
There is NO PLAN B - Episode 1 [수사편],2024-01-19
레전드 오브 키퍼: 커리어 오브 던전 매니저,2021-04-30
DLC_러브인 로그인 ASMR (시크릿 플러스),2023-02-14
청구야담 : 팔도견문록 PC완전판 DEMO,2023-06-16
카투바의 밀렵꾼,2022-09-21
백야기담 (ALBEDO CARTA),2023-09-27
백의 소각자 (시크릿 플러스),2024-04-24
사야의 노래,2024-01-10
이건 게임이 아닙니다 (There Is No Game: Wrong Dimension),2022-01-06
샬레 정원,2021-03-21
봄을 부르는 설녀 - 스핀오프,2024-08-16
나는 평생 그녀와 함께한다.,2024-04-05
Gun Survival,2024-02-13
각성자: 잊혀진 맹세 (The Awakener: Forgotten Oath),2023-11-07
DLC_러브인 로그인 (시크릿 플러스) 월페이퍼,2023-01-18
코나와 스노래빗,2023-11-22
환세취호전 플러스 (GENSEISUIKODEN PLUS),2024-04-09
미열 - 감금일지,2023-05-03
트레인 밸리 (Train Valley),2023-02-28
왓 컴즈 애프터 (What Comes After),2021-06-10
노베나 디아볼로스 : 어나더,2022-02-22
복슬복슬,2021-03-21
천년의 환생 : 후궁의 저주,2024-07-19
과몰입금지 : Love Too Easily,2023-08-25
플라워즈 -봄편-,2023-03-14
백팩 히어로 (Backpack Hero),2022-08-15
정령의 기사단,2019-08-29
바이페드,2020-12-30
사이버헌트 (Cyberhunt),2021-08-10
Shape of Dreams 데모,2023-09-08
데빌리쉬 리그,2023-07-10
새로운시작,2021-03-21
플로팅 파머 - 직소 퍼즐 (Floating Farmer - Jigsaw Puzzle),2022-03-08
데블위딘 삿갓 (The Devil Within: Satgat),2024-04-09
서바이벌 서클,2023-12-04
써클 엠파이어,2020-10-14
여기사 아가씨: 에피소드 맵,2023-11-23
우르르타워,2024-05-28
[DEMO] 가짜 하트,2022-10-07
IPIA : Heal The Forest,2021-11-30
메모리얼 서킷 (시크릿 플러스),2024-01-25
리프 인 부트스트랩 : 애프터 스토리,2023-11-09
리로드_Demo,2020-07-24
인스턴트 파머 (Instant Farmer),2022-07-26
녹터널 (Nocturnal),2023-06-07
메스가키 영애님!,2023-02-14
그녀가 다시 노래할 때까지.,2022-10-25
귀곡팔황 불귀현경 (Ground of No Return),2023-06-28
루시의 일기_Demo,2020-05-15
연애기담 - 존재하지 않는 여름,2023-10-06
러브 앤 드림: 버추얼 해피니스,2023-05-09
러브 앤 드림,2023-05-09
네개의 빛 : 제 2세계 [Erie Ever Route] 시크릿 플러스,2023-12-12
Pygmalion DEMO,2023-09-19
SpookyBoo,2021-03-21
칭송받는 자: 흩어져가는 자들을 위한 자장가 - DLC 합본팩,2024-08-28
이세계 왕녀님은 아무래도 기억상실인 모양입니다 - 워터파크 에디션,2024-09-06
하트 프로텍터,2023-07-27
미래의 여친님이 나에게 인사를 건네왔다,2022-12-15
루시 -그녀가 바라던 것-,2022-06-14
고디안 퀘스트,2020-08-26
갈바테인 : 모험가 길드 사무소,2024-08-26
폭풍의 메이드 : 심장주의보 데모,2024-03-13
키키캐키캡,2023-09-27
해피 퀘스트,2023-05-09
폐심: 심야방송,2023-09-05
뻐꾸기남 시뮬레이터: 베타 메일 뻐꾸기로서의 삶,2023-02-09
여포키우기,2022-12-15
네크로바운서 (NecroBouncer),2022-12-09
헬프더캣츠 Demo,2024-06-26
타부티,2023-09-26
세컨드 웨이브,2023-10-06
